635302^Demon Slayer: Kimetsu no Yaiba - The Movie: Mugen Train^2020/10/16 上午 12:00:00^914.276977539063^Tanjirō Kamado, joined with Inosuke Hashibira, a boy raised by boars who wears a boar's head, and Zenitsu Agatsuma, a scared boy who reveals his true power when he sleeps, boards the Infinity Train on a new mission with the Fire Hashira, Kyōjurō Rengoku, to defeat a demon who has been tormenting the people and killing the demon slayers who oppose it!^7.09999990463257^27^16 28 36 12 14 18^Action | Adventure | Animation | Drama | Fantasy | History | ^ATJYac_dORw 23riEOmDOgM^/h8Rb9gBr48ODIwYUttZNYeMWeUU.jpg^^^
337401^Mulan^2020/9/4 上午 12:00:00^752.840026855469^When the Emperor of China issues a decree that one man per family must serve in the Imperial Chinese Army to defend the country from Huns, Hua Mulan, the eldest daughter of an honored warrior, steps in to take the place of her ailing father. She is spirited, determined and quick on her feet. Disguised as a man by the name of Hua Jun, she is tested every step of the way and must harness her innermost strength and embrace her true potential.^7.19999980926514^2695^28 12 18 14^Action | Adventure | Drama | Fantasy | ^01ON04GCwKs KK8FHdFluOQ R-eFm--k21c bJbAZh3fv0g 1UXZEGYSwgg^/aKx1ARwG55zZ0GpRvU2WrGrCG9o.jpg^^^
741067^Welcome to Sudden Death^2020/9/29 上午 12:00:00^1113.17504882813^Jesse Freeman is a former special forces officer and explosives expert now working a regular job as a security guard in a state-of-the-art basketball arena. Trouble erupts when a tech-savvy cadre of terrorists kidnap the team's owner and Jesse's daughter during opening night. Facing a ticking clock and impossible odds, it's up to Jesse to not only save them but also a full house of fans in this highly charged action thriller.^6.40000009536743^130^28 12 18 53^Action | Adventure | Drama | Thriller | ^xisfaGi_6Ow^/elZ6JCzSEvFOq4gNjNeZsnRFsvj.jpg^^^
718444^Rogue^2020/8/20 上午 12:00:00^704.247009277344^Battle-hardened O’Hara leads a lively mercenary team of soldiers on a daring mission: rescue hostages from their captors in remote Africa. But as the mission goes awry and the team is stranded, O’Hara’s squad must face a bloody, brutal encounter with a gang of rebels.^5.80000019073486^327^28 12 18 53^Action | Adventure | Drama | Thriller | ^IpSK2CsKULg^/uOw5JD8IlD546feZ6oxbIjvN66P.jpg^^^
354912^Coco^2017/10/27 上午 12:00:00^532.234008789063^Despite his family’s baffling generations-old ban on music, Miguel dreams of becoming an accomplished musician like his idol, Ernesto de la Cruz. Desperate to prove his talent, Miguel finds himself in the stunning and colorful Land of the Dead following a mysterious chain of events. Along the way, he meets charming trickster Hector, and together, they set off on an extraordinary journey to unlock the real story behind Miguel's family history.^8.19999980926514^12489^16 10751 35 12 14 10402^Adventure | Animation | Comedy | Family | Fantasy | Music | ^zNCz4mQzfEI xlnPHQ3TLX8 bvomHFZO0mk 946WZKoMSlU bFqeYK96JXc yOvfedkA_JM Rvr68u6k5sI upT1iqrxNBw di2bCDqa_Ro KbsOT6-LjSs TO_CrQbRdbo n3umjh6xYok O7PUsrGUUh0 dPw0J6Kaj04 yg8116aeD7E _TLXORFumu0 k4vVAbIm3hA^/gGEsBPAijhVUFoiNpgZXqRVWJt2.jpg^^^
446893^Trolls World Tour^2020/3/12 上午 12:00:00^348.518005371094^Queen Poppy and Branch make a surprising discovery — there are other Troll worlds beyond their own, and their distinct differences create big clashes between these various tribes. When a mysterious threat puts all of the Trolls across the land in danger, Poppy, Branch, and their band of friends must embark on an epic quest to create harmony among the feuding Trolls to unite them against certain doom.^7.59999990463257^1246^16 10751 35 14 12 10402^Adventure | Animation | Comedy | Family | Fantasy | Music | ^SyTg7RIn-X8 3cCoDDhFpmY 08AExF6dETA^/7W0G3YECgDAfnuiHG91r8WqgIOe.jpg^^^
594328^Phineas and Ferb The Movie: Candace Against the Universe^2020/8/28 上午 12:00:00^324.601013183594^Phineas and Ferb travel across the galaxy to rescue their older sister Candace, who has been abducted by aliens and taken to a utopia in a far-off planet, free of her pesky little brothers.^7.30000019073486^130^16 878 35 10402 10751 10770 28 12^Action | Adventure | Animation | Comedy | Family | Music | Science Fiction | TV Movie | ^seB7sOmisRI lREhpc8t6EA w7FySIfypLc 27nJxcXxyfs^/n6hptKS7Y0ZjkYwbqKOK3jz9XAC.jpg^^^
606234^Archive^2020/8/13 上午 12:00:00^454.298004150391^2038: George Almore is working on a true human-equivalent AI, and his latest prototype is almost ready. This sensitive phase is also the riskiest as he has a goal that must be hidden at all costs—being reunited with his dead wife.^5.69999980926514^153^878 18 14 53^Drama | Fantasy | Science Fiction | Thriller | ^m0J0BwIzURI^/eDnHgozW8vfOaLHzfpHluf1GZCW.jpg^^^
590223^Love and Monsters^2020/10/16 上午 12:00:00^774.601989746094^Seven years after the Monsterpocalypse, Joel Dawson, along with the rest of humanity, has been living underground ever since giant creatures took control of the land. After reconnecting over radio with his high school girlfriend Aimee, who is now 80 miles away at a coastal colony, Joel begins to fall for her again. As Joel realizes that there’s nothing left for him underground, he decides against all logic to venture out to Aimee, despite all the dangerous monsters that stand in his way.^7.69999980926514^234^28 12 35 878^Action | Adventure | Comedy | Science Fiction | ^-19tBHrZwOM h12bnIdo_SI BRf9nJY1nT4 colsgZogBOY 0bfwThwgNbg 2qj3xjv5t-E UU6WPMqTX5k^/r4Lm1XKP0VsTgHX4LG4syAwYA2I.jpg^^^
475430^Artemis Fowl^2020/6/12 上午 12:00:00^545.559020996094^Artemis Fowl is a 12-year-old genius and descendant of a long line of criminal masterminds. He soon finds himself in an epic battle against a race of powerful underground fairies who may be behind his father's disappearance.^5.80000019073486^904^12 14 878 10751 28^Action | Adventure | Family | Fantasy | Science Fiction | ^wXlBep9uFjI fl2r3Fwxz_o MQj64sYpoqA^/tI8ocADh22GtQFV28vGHaBZVb0U.jpg^^^
635237^Arthur & Merlin: Knights of Camelot^2020/5/28 上午 12:00:00^442.144989013672^King Arthur returns home after fighting the Roman Empire. His illegitimate son has corrupted the throne of Camelot and King Arthur must reunite with the wizard Merlin and the Knights of the Round Table to fight to get back his crown.^6^37^28 12 36^Action | Adventure | History | ^AQhYrFhWHWw^/chGTXsvn53XvEnvsJ9ZD9eiYKx9.jpg^^^
621870^Secret Society of Second Born Royals^2020/9/25 上午 12:00:00^382.450988769531^Sam is a teenage royal rebel, second in line to the throne of the kingdom of Illyria. Just as her disinterest in the royal way of life is at an all-time high, she discovers she has super-human abilities and is invited to join a secret society of similar extraordinary second-born royals charged with keeping the world safe.^7.09999990463257^189^28 12 35 14^Action | Adventure | Comedy | Fantasy | ^fklskMu40oQ^/xOmGTJtBgRVSAF4S5dZEUqHqyy5.jpg^^^
531219^Roald Dahl's The Witches^2020/10/26 上午 12:00:00^2635.50903320313^In late 1967, a young orphaned boy goes to live with his loving grandma in the rural Alabama town of Demopolis. As the boy and his grandmother encounter some deceptively glamorous but thoroughly diabolical witches, she wisely whisks him away to a seaside resort. Regrettably, they arrive at precisely the same time that the world's Grand High Witch has gathered.^7.19999980926514^388^14 10751 12 35 27^Adventure | Comedy | Family | Fantasy | Horror | ^9nlhmJF5FNI^/betExZlgK0l7CZ9CsCBVcwO1OjL.jpg^^^
560050^Over the Moon^2020/10/16 上午 12:00:00^784.68701171875^A girl builds a rocket to travel to the moon in hopes of meeting the legendary Moon Goddess.^7.90000009536743^199^16 12 10751 14^Adventure | Animation | Family | Fantasy | ^26DIABx44Tw P_zuK_pergw 0J6AudFxgU8^/lQfdytwN7eh0tXWjIiMceFdBBvD.jpg^^^
624963^A Babysitter's Guide to Monster Hunting^2020/10/14 上午 12:00:00^614.275024414063^Recruited by a secret society of babysitters, a high schooler battles the Boogeyman and his monsters when they nab the boy she's watching on Halloween.^6.09999990463257^81^12 35 14 10751^Adventure | Comedy | Family | Fantasy | ^MKR33fJ_yPw^/bkld8Me0WiLWipLORRNfF1yIPHu.jpg^^^
677638^We Bare Bears: The Movie^2020/6/30 上午 12:00:00^457.614013671875^When Grizz, Panda, and Ice Bear's love of food trucks and viral videos went out of hand, it catches the attention of Agent Trout from the National Wildlife Control, who pledges to restore the “natural order” by separating them forever. Chased away from their home, the Bears embark on an epic road trip as they seek refuge in Canada, with their journey being filled with new friends, perilous obstacles, and huge parties. The risky journey also forces the Bears to face how they first met and became brothers, in order to keep their family bond from splitting apart.^7.69999980926514^463^12 16 35 9648 10751^Adventure | Animation | Comedy | Family | Mystery | ^0ZNsLy2IwcY^/kPzcvxBwt7kEISB9O4jJEuBn72t.jpg^^^
611395^Double World^2020/7/21 上午 12:00:00^324.808990478516^Keen to bring honor to his clan, young villager Dong Yilong embarks on a perilous journey to compete in a tournament that selects warriors for battle.^6.80000019073486^127^28 12 14^Action | Adventure | Fantasy | ^i4das8_tUUY^/lv3RonWge4GlC9ymNzC0oWpFCfv.jpg^^^
330457^Frozen II^2019/11/20 上午 12:00:00^269.816009521484^Elsa, Anna, Kristoff and Olaf head far into the forest to learn the truth about an ancient mystery of their kingdom.^7.30000019073486^6321^16 10751 12 35 14^Adventure | Animation | Comedy | Family | Fantasy | ^eSLe4HuKuK0 Zi4LMpSDccc bwzLiQZDw2I vSKlICmmi98 q_ZKwGa94UQ TlM5t_GFoR4 JIOKOsYW-sc JntesK7rdTA jkmHLNqxdb8 syg1embpvgc K2W36KbSh8E _2Fs7_vXxvc NU0ozjtW0qI^/qXsndsv3WOoxszmdlvTWeY688eK.jpg^^^
385103^Scoob!^2020/7/8 上午 12:00:00^273.088012695313^In Scooby-Doo’s greatest adventure yet, see the never-before told story of how lifelong friends Scooby and Shaggy first met and how they joined forces with young detectives Fred, Velma, and Daphne to form the famous Mystery Inc. Now, with hundreds of cases solved, Scooby and the gang face their biggest, toughest mystery ever: an evil plot to unleash the ghost dog Cerberus upon the world. As they race to stop this global “dogpocalypse,” the gang discovers that Scooby has a secret legacy and an epic destiny greater than anyone ever imagined.^7.40000009536743^824^10751 16 35 12^Adventure | Animation | Comedy | Family | ^-BgWppq25xI GzlEnS7MmUo pYas80wjCYw L0r4hGtc_5o aILrgOW7sNc^/jHo2M1OiH9Re33jYtUQdfzPeUkx.jpg^^^
508439^Onward^2020/2/29 上午 12:00:00^261.351989746094^In a suburban fantasy world, two teenage elf brothers embark on an extraordinary quest to discover if there is still a little magic left out there.^7.90000009536743^3308^16 10751 12 35 14^Adventure | Animation | Comedy | Family | Fantasy | ^x8DKg_fsacM gn5QmllRCn4 A5Z7QsRGxGo HxKXiQvyG_o di1DPydyqdk^/f4aul3FyD3jv3v4bul1IrkWZvzq.jpg^^^
664767^Mortal Kombat Legends: Scorpion's Revenge^2020/4/12 上午 12:00:00^247.501007080078^After the vicious slaughter of his family by stone-cold mercenary Sub-Zero, Hanzo Hasashi is exiled to the torturous Netherrealm. There, in exchange for his servitude to the sinister Quan Chi, he’s given a chance to avenge his family – and is resurrected as Scorpion, a lost soul bent on revenge. Back on Earthrealm, Lord Raiden gathers a team of elite warriors – Shaolin monk Liu Kang, Special Forces officer Sonya Blade and action star Johnny Cage – an unlikely band of heroes with one chance to save humanity. To do this, they must defeat Shang Tsung’s horde of Outworld gladiators and reign over the Mortal Kombat tournament.^8.39999961853027^643^14 28 12 16^Action | Adventure | Animation | Fantasy | ^I1vccr3yWBU^/4VlXER3FImHeFuUjBShFamhIp9M.jpg^^^
283566^Evangelion: 3.0+1.0 Thrice Upon a Time^2021/1/23 上午 12:00:00^293.949005126953^^0^0^28 16 18 878^Action | Animation | Drama | Science Fiction | ^-xezMJ2s50E jRcjFME4wis^/q034rbTWteRNA8sMSc2YjegmiUx.jpg^^^
539885^Ava^2020/7/2 上午 12:00:00^672.56298828125^A black ops assassin is forced to fight for her own survival after a job goes dangerously wrong.^5.80000019073486^554^28 80 18 53^Action | Crime | Drama | Thriller | ^ozUuAcGOhPs^/qzA87Wf4jo1h8JMk9GilyIYvwsA.jpg^^^
493065^Cut Throat City^2020/7/31 上午 12:00:00^401.799011230469^Four boyhood friends return to New Orleans’ Lower Ninth Ward after Hurricane Katrina, to find their home decimated and prospects for work swept away. Turning to a local gangster for employment, the crew is hired to pull off a daring casino heist, right in the heart of the city.^5.5^16^28 80 18 53^Action | Crime | Drama | Thriller | ^jn0ZSwD0dJI 87r31Z_d4LQ^/a2Dcje3NkmySevZo5hVCfPaxqdL.jpg^^^
528085^2067^2020/10/1 上午 12:00:00^1867.10400390625^A lowly utility worker is called to the future by a mysterious radio signal, he must leave his dying wife to embark on a journey that will force him to face his deepest fears in an attempt to change the fabric of reality and save humankind from its greatest environmental crisis yet.^5.19999980926514^217^18 878 53^Drama | Science Fiction | Thriller | ^cU5875rHQ8k^/7D430eqZj8y3oVkLFfsWXGRcpEG.jpg^^^
520763^A Quiet Place Part II^2021/4/21 上午 12:00:00^267.5419921875^Following the events at home, the Abbott family now face the terrors of the outside world. Forced to venture into the unknown, they realize that the creatures that hunt by sound are not the only threats that lurk beyond the sand path.^0^0^18 878 53^Drama | Science Fiction | Thriller | ^XEMwSdne6UE mi5RoP1-8-I cS6fFddVIYo^/4q2hz2m8hubgvijz8Ez0T2Os2Yv.jpg^^^
454626^Sonic the Hedgehog^2020/2/12 上午 12:00:00^307.385986328125^Based on the global blockbuster videogame franchise from Sega, Sonic the Hedgehog tells the story of the world’s speediest hedgehog as he embraces his new home on Earth. In this live-action adventure comedy, Sonic and his new best friend team up to defend the planet from the evil genius Dr. Robotnik and his plans for world domination.^7.5^5987^28 35 878 10751^Action | Comedy | Family | Science Fiction | ^szby7ZHLnkA MDgs6JRSJvg hshTmTjI1Vs t-mee176CNk hoRLCr5NG3Y EwgM3sKaO54^/aQvJ5WPzZgYVDrxLX4R6cLJCEaQ.jpg^^^
425001^The War with Grandpa^2020/8/27 上午 12:00:00^322.048004150391^Sixth-grader Peter is pretty much your average kid—he likes gaming, hanging with his friends and his beloved pair of Air Jordans. But when his recently widowed grandfather Ed  moves in with Peter’s family, the boy is forced to give up his most prized possession of all, his bedroom. Unwilling to let such an injustice stand, Peter devises a series of increasingly elaborate pranks to drive out the interloper, but Grandpa Ed won’t go without a fight.^6.19999980926514^96^35 10751 18^Comedy | Drama | Family | ^EohVvIWg-Oc^/ltyARDw2EFXZ2H2ERnlEctXPioP.jpg^^^
605116^Project Power^2020/8/14 上午 12:00:00^415.162994384766^An ex-soldier, a teen and a cop collide in New Orleans as they hunt for the source behind a dangerous new pill that grants users temporary superpowers.^6.59999990463257^1500^28 80 878^Action | Crime | Science Fiction | ^xw1vQgVaYNQ KZOdwr0zp1M^/TnOeov4w0sTtV2gqICqIxVi74V.jpg^^^
722603^Battlefield 2025^2020/7/7 上午 12:00:00^357.954986572266^Weekend campers, an escaped convict, young lovers and a police officer experience a night of terror when a hostile visitor from another world descends on a small Arizona town.^5.69999980926514^76^28 27 878^Action | Horror | Science Fiction | ^iLl9PANQov8^/w6e0XZreiyW4mGlLRHEG8ipff7b.jpg^^^
741074^Once Upon a Snowman^2020/10/23 上午 12:00:00^519.460021972656^The previously untold origins of Olaf, the innocent and insightful, summer-loving snowman are revealed as we follow Olaf’s first steps as he comes to life and searches for his identity in the snowy mountains outside Arendelle.^7.59999990463257^75^16 35 14 10751^Animation | Comedy | Family | Fantasy | ^JR7OrwlrsP0^/zfdhsR3Y3xw42OHrMpi0oBw0Uk8.jpg^^^
497582^Enola Holmes^2020/9/23 上午 12:00:00^1123.51696777344^While searching for her missing mother, intrepid teen Enola Holmes uses her sleuthing skills to outsmart big brother Sherlock and help a runaway lord.^7.59999990463257^2338^80 18 9648^Crime | Drama | Mystery | ^1d0Zf9sXlHk v-pi-bYAWxo^/riYInlsq2kf1AWoGm80JQW5dLKp.jpg^^^
531499^The Tax Collector^2020/8/7 上午 12:00:00^335.825988769531^David Cuevas is a family man who works as a gangland tax collector for high ranking Los Angeles gang members. He makes collections across the city with his partner Creeper making sure people pay up or will see retaliation. An old threat returns to Los Angeles that puts everything David loves in harm’s way.^6.09999990463257^162^28 80 18^Action | Crime | Drama | ^yBhUWv5Hzqc^/3eg0kGC2Xh0vhydJHO37Sp4cmMt.jpg^^^
475557^Joker^2019/10/2 上午 12:00:00^338.717010498047^During the 1980s, a failed stand-up comedian is driven insane and turns to a life of crime and chaos in Gotham City while becoming an infamous psychopathic crime figure.^8.19999980926514^15314^80 53 18^Crime | Drama | Thriller | ^t433PEQGErc zAGVQLHvwOY xRjvmVaFHkk C6WqbLnpOoQ^/udDclJoHjfjb8Ekgsd4FDteOkCU.jpg^^^
632618^The Crimes That Bind^2020/8/20 上午 12:00:00^315.738006591797^When her son is accused of raping and trying to murder his ex-wife, Alicia embarks on a journey that will change her life forever.^6.5^117^80 18 53^Crime | Drama | Thriller | ^u2ncERi6TgU^/sDi6wKgECUjDug2gn4uODSqZ3yC.jpg^^^
703134^Infamous^2020/6/12 上午 12:00:00^269.997009277344^Two young lovers rob their way across the southland, posting their exploits to social media, and gaining fame and followers as a result.^5.59999990463257^53^80 53 18^Crime | Drama | Thriller | ^wJtnDjWiQFg^/q2lkJf1TAjImTHCEO7XvbqPtnPb.jpg^^^
724989^Hard Kill^2020/10/23 上午 12:00:00^2553.43090820313^The work of billionaire tech CEO Donovan Chalmers is so valuable that he hires mercenaries to protect it, and a terrorist group kidnaps his daughter just to get it.^4.30000019073486^37^28 53^Action | Thriller | ^7Y6-w5Psupw^/ugZW8ocsrfgI95pnQ7wrmKDxIe.jpg^^^
581392^Peninsula^2020/7/15 上午 12:00:00^636.393005371094^A soldier and his team battle hordes of post-apocalyptic zombies in the wastelands of the Korean Peninsula.^7^687^28 27 53^Action | Horror | Thriller | ^yVucSRLLeIM cRvHl1dThlg aRuhOJJA56U XdruWAKcoxc^/sy6DvAu72kjoseZEjocnm2ZZ09i.jpg^^^
694919^Money Plane^2020/9/29 上午 12:00:00^647.033020019531^A professional thief with $40 million in debt and his family's life on the line must commit one final heist - rob a futuristic airborne casino filled with the world's most dangerous criminals.^5.90000009536743^159^28^Action | ^aETz_dRDEys^/6CoRTJTmijhBLJTUNoVSUNxZMEI.jpg^^^
601844^Becky^2020/7/23 上午 12:00:00^743.018005371094^A teenager's weekend at a lake house with her father takes a turn for the worse when a group of convicts wreaks havoc on their lives.^5.5^70^53 28 27^Action | Horror | Thriller | ^LQAJ5QvD8BA^/xqbQtMffXwa3oprse4jiHBMBvdW.jpg^^^
697064^Beckman^2020/9/10 上午 12:00:00^556.661010742188^A contract killer, becomes the reverend of a LA church, until a cult leader and his minions kidnap his daughter. Blinded by vengeance, he cuts a bloody path across the city. The only thing that can stop him is his newfound faith.^5.40000009536743^21^28^Action | ^Ed4u4g0xP4s^/z0r3YjyJSLqf6Hz0rbBAnEhNXQ7.jpg^^^
734309^Santana^2020/8/28 上午 12:00:00^511.441986083984^Two brothers — one a narcotics agent and the other a general — finally discover the identity of the drug lord who murdered their parents decades ago. They may kill each other before capturing the bad guys.^5.5^148^28^Action | ^CdkxJ8BD0EI^/9Rj8l6gElLpRL7Kj17iZhrT5Zuw.jpg^^^
721452^One Night in Bangkok^2020/8/25 上午 12:00:00^454.084014892578^A hit man named Kai flies into Bangkok, gets a gun, and orders a cab. He offers a professional female driver big money to be his all-night driver. But when she realizes Kai is committing brutal murders at each stop, it's too late to walk away. Meanwhile, an offbeat police detective races to decode the string of slayings before more blood is spilled.^7.09999990463257^116^28 53^Action | Thriller | ^Q5VFAn0qmic^/i4kPwXPlM1iy8Jf3S1uuLuwqQAV.jpg^^^
603119^The Silencing^2020/7/18 上午 12:00:00^340.9169921875^A reformed hunter becomes involved in a deadly game of cat and mouse when he and the local sheriff set out to track a vicious killer who may have kidnapped his daughter years ago.^6.59999990463257^145^80 53 28^Action | Crime | Thriller | ^v1rQOLis1P0 xLXZl1JF85c^/dnN1ncxEOO1TY0gYL2FWxJqlhlL.jpg^^^
514207^Invasion^2020/1/1 上午 12:00:00^350.027008056641^After the fall of the alien ship, it took three years. The catastrophe turned the girl's life from Chertanovo and forever changed our view of the universe. It seems that this was the biggest test for all of us. But mankind does not yet know that very soon he will have to experience a new meeting.^7^412^878^Science Fiction | ^45jGYBI2qPQ^/dqKqzcdhtJwOhjqe89RTURqILtl.jpg^^^
713825^Robot Riot^2020/6/12 上午 12:00:00^244.613998413086^Unconscious soldiers are dropped into a testing site only to discover their memories have been wiped and that once docile machines are the new intelligence.^5.09999990463257^6^28 878^Action | Science Fiction | ^LSo4VQyPrzM^/pXv4qbWyj6ycMaWkK2LzlizZQjf.jpg^^^
338762^Bloodshot^2020/3/5 上午 12:00:00^238.50700378418^After he and his wife are murdered, marine Ray Garrison is resurrected by a team of scientists. Enhanced with nanotechnology, he becomes a superhuman, biotech killing machine—'Bloodshot'. As Ray first trains with fellow super-soldiers, he cannot recall anything from his former life. But when his memories flood back and he remembers the man that killed both him and his wife, he breaks out of the facility to get revenge, only to discover that there's more to the conspiracy than he thought.^6.90000009536743^3258^28 878^Action | Science Fiction | ^F95Fk255I4M vOUVVDWdXbo 0R-qIOGyEcw^/8WUVHemHFH2ZIP6NWkwlHWsyrEL.jpg^^^
704630^ASYLUM: Twisted Horror and Fantasy Tales^2020/7/2 上午 12:00:00^234.192993164063^Brandon prepares to give his last stand-up comedy show. As his stories and jokes pass, the public begins to cheer up. But at that precise moment Brandon will realize that these stories have a strong relationship with his past. More than he imagines.^6.90000009536743^9^35 27 878^Comedy | Horror | Science Fiction | ^WU6xeVTnQvI^/3rxKic2PDrheSXMCG82vm9LAm8e.jpg^^^
299536^Avengers: Infinity War^2018/4/25 上午 12:00:00^199.391006469727^As the Avengers and their allies have continued to protect the world from threats too large for any one hero to handle, a new danger has emerged from the cosmic shadows: Thanos. A despot of intergalactic infamy, his goal is to collect all six Infinity Stones, artifacts of unimaginable power, and use them to inflict his twisted will on all of reality. Everything the Avengers have fought for has led up to this moment - the fate of Earth and existence itself has never been more uncertain.^8.30000019073486^20016^28 12 878^Action | Adventure | Science Fiction | ^sAOzrChqmd0 3VbHg5fqBYw 6ZfuNTqbHE8 pVxOVlm_lE8 QwievZ1Tx-8 PbRmbhdHDDM LXPaDL_oILs _XkUdr0EDwk^/7WsyChQLEftFiDOVTGkv3hFpyyt.jpg^^^
640882^3022^2019/11/22 上午 12:00:00^197.848999023438^A group of astronauts living in the haunting emptiness of deep space awakens to find earth has suffered an extinction-level event.^5.69999980926514^95^878^Science Fiction | ^AGQ7OkmIx4Q^/dp1brl24LXGFU3JPFaDoljDONRz.jpg^^^
604578^Spontaneous^2020/10/2 上午 12:00:00^206.182998657227^When students in their high school begin inexplicably exploding (literally...), seniors Mara and Dylan struggle to survive in a world where each moment may be their last.^7.09999990463257^43^35 27 878 10749^Comedy | Horror | Romance | Science Fiction | ^0dt523AHZWY^/22jwKxZf4rcrmh2NS07SZAQYYNY.jpg^^^
709621^Tribal: Get Out Alive^2020/7/7 上午 12:00:00^185.690994262695^After retiring from active duty, former elite military operative Caitlin Ross now runs a private security firm. She, however, becomes the target when her private security firm accepts a contract from a young millionaire.^3.59999990463257^7^28 27 878 53^Action | Horror | Science Fiction | Thriller | ^LNYDBDouLKs X5kV3DlB6vo^/1IKhHbjDcaGTn0YLvoASGwTlzxN.jpg^^^
671145^Before the Fire^2020/3/14 上午 12:00:00^206.095993041992^Deep in the throes of a global pandemic, up and coming TV star, Ava Boone, is forced to flee the mounting chaos in Los Angeles and return to her rural hometown.  But as she struggles to acclimate to a way of life she left behind long ago, her homecoming attracts a dangerous figure from her past – threatening both her and the family that serves as her only sanctuary.^6.59999990463257^20^28 878 53^Action | Science Fiction | Thriller | ^C5XMjhhlR5A^/bAwtbmCzhFwKf2wN6QQH301ylbO.jpg^^^
299534^Avengers: Endgame^2019/4/24 上午 12:00:00^187.227996826172^After the devastating events of Avengers: Infinity War, the universe is in ruins due to the efforts of the Mad Titan, Thanos. With the help of remaining allies, the Avengers must assemble once more in order to undo Thanos' actions and restore order to the universe once and for all, no matter what consequences may be in store.^8.30000019073486^15477^28 12 878^Action | Adventure | Science Fiction | ^hA6hldpSTF8 -iFq6IcAxBc TcMBFSGVi1c 3h4cAU2Jz_Q zTGdTEHvRoc QIHmrnvLhBg KCSNFZKbhZE unJzy1XwQ2k 9QbltzIUV6w 81UOofW82FY Td1diFNqe6c 0jNvJU52LvU A5H9dPaZp_8 vnAKVlnQTzY S_32rARQ5yw v0bClKEy1HA tijLYuIjrxw yR_7h9b2OPo 5ZvcuFF2ffo 73TEwTxSUjk ZTPKBznD7eg lhZr-Vk1RKk JohLpoEFwx4 GMUNfOsKd-k o0MsvHxFDC8 xNiBNz61LRI 5xyNqemLNxk p5fthh_F4SM N2QLF5yKUf0 0X10T__DDfE o4mXzaCxkok Dyo7Kbijr98 0ESZs5OYwuw 1L6mMs_hr4k gNW20bP1Kdo dTSQjc8cegY jBleVtbciI0 L41F3mw89mY PV_79Nr07e8 QV9GCWg2u2A vwfVWFOPBCY GJLcCgS7Mzw H3_l1DIbLvU EnRzM4bE6M4 a6Yib8P5Xr4 0hWwnPV502c G3mpwCsvpQ0 9nusLMvCTsI _sh7eWx4jqE 5rCdDerNNXk mtcqn3HQ-Uw F0VjvcyZTvA v5U5_U-0udc ELAJHo2apmE ak3Kg52IT1k KbRO_a44yA0 6slAQbysMyk aOQYHWZ9VUw zlNlkwB27lU RBfggCYNWNk Bqp_zK09NZ8 -xtbxLRUREs kwo0wSabwBk 1VBJ-kNsmaQ n92qDDd9E1U cn69-oTB8hY AMSITikqKiM I8o0a71EI74 9tKr3m6r9NI w-lUE5egBqs 8BNA-N717A0^/or06FN3Dka5tukK1e9sl16pB3iy.jpg^^^
474350^It Chapter Two^2019/9/4 上午 12:00:00^388.367004394531^27 years after overcoming the malevolent supernatural entity Pennywise, the former members of the Losers' Club, who have grown up and moved away from Derry, are brought back together by a devastating phone call.^6.90000009536743^5087^14 27^Fantasy | Horror | ^zqUopiAYdRg xhJ5P7Up3jA rGQrB9zfSqs TrC-dNMD3NE QTC6eZM5d3o^/zfE0R94v1E8cuKAerbskfD3VfUt.jpg^^^
617505^Hubie Halloween^2020/10/7 上午 12:00:00^284.738006591797^Hubie Dubois who, despite his devotion to his hometown of Salem, Massachusetts (and its legendary Halloween celebration), is a figure of mockery for kids and adults alike. But this year, something really is going bump in the night, and it’s up to Hubie to save Halloween.^6.30000019073486^625^35 14 9648 27^Comedy | Fantasy | Horror | Mystery | ^kY3SuNvqQPw^/dbhC6qRydXyRmpUdcl9bL9rARya.jpg^^^
547016^The Old Guard^2020/7/10 上午 12:00:00^305.585998535156^Four undying warriors who've secretly protected humanity for centuries become targeted for their mysterious powers just as they discover a new immortal.^7.30000019073486^2229^28 14^Action | Fantasy | ^aK-X2d0lJ_s ITeFJcFFEBQ khCUVWqW9BU^/cjr4NWURcVN3gW5FlHeabgBHLrY.jpg^^^
489326^Mortal^2020/2/28 上午 12:00:00^253.707000732422^A young boy must discover the origins of his extraordinary powers before he is captured by authorities hell-bent on condemning him for an accidental murder.^6.5^182^28 14 53^Action | Fantasy | Thriller | ^AwnToCTb-kQ TZ08McQ7V6U^/aVbqhqYtlxwEGihTEhewZAgDOCX.jpg^^^
10439^Hocus Pocus^1993/7/16 上午 12:00:00^214.662002563477^After 300 years of slumber, three sister witches are accidentally resurrected in Salem on Halloween night, and it is up to three kids and their newfound feline friend to put an end to the witches' reign of terror once and for all.^7^1688^35 10751 14^Comedy | Family | Fantasy | ^Oryofd_T-ng OFm_2RyxXjQ^/uwGvRAHtaQIDQ0L8uMMWbxFKr7j.jpg^^^
740985^Borat Subsequent Moviefilm^2020/10/23 上午 12:00:00^1091.47204589844^14 years after making a film about his journey across the USA, Borat risks life and limb when he returns to the United States with his young daughter, and reveals more about the culture, the COVID-19 pandemic, and the political elections.^6.80000019073486^559^35^Comedy | ^Xi5L8Lucx3s 0Rsa4U8mqkw^/6agKYU5IQFpuDyUYPu39w7UCRrJ.jpg^^^
721656^Happy Halloween Scooby-Doo!^2020/10/6 上午 12:00:00^671.473022460938^Scooby-Doo and the gang team up with their pals, Bill Nye The Science Guy and Elvira Mistress of the Dark, to solve this mystery of gigantic proportions and save Crystal Cove!^8.10000038146973^58^16 10751 9648 35 80^Animation | Comedy | Crime | Family | Mystery | ^z6UVARUhXH4^/5aL71e0XBgHZ6zdWcWeuEhwD2Gw.jpg^^^
660982^American Pie Presents: Girls Rules^2020/10/6 上午 12:00:00^527.797973632813^It's Senior year at East Great Falls. Annie, Kayla, Michelle, and Stephanie decide to harness their girl power and band together to get what they want their last year of high school.^6.30000019073486^120^35^Comedy | ^fGjfQjIKWkw^/xqvX5A24dbIWaeYsMTxxKX5qOfz.jpg^^^
495764^Birds of Prey (and the Fantabulous Emancipation of One Harley Quinn)^2020/2/5 上午 12:00:00^323.217010498047^Harley Quinn joins forces with a singer, an assassin and a police detective to help a young girl who had a hit placed on her after she stole a rare diamond from a crime lord.^7.19999980926514^6146^28 35 80^Action | Comedy | Crime | ^ptLZlrE8MrQ kGM4uYZzfu0 s1l914WkO6Y cGAQNxgV8Z0 x3HbbzHK5Mc vu-9EXhG3FI^/h4VB6m0RwcicVEZvzftYZyKXs6K.jpg^^^
746957^You've Got This^2020/10/2 上午 12:00:00^287.174011230469^An ad creative and a successful exec have a great marriage — until he wants to be a dad just as her star is rising. Then he brings someone new home.^8.19999980926514^147^10749 35^Comedy | Romance | ^WmoBV_wqc44^/v230KtHmd261EA4OSMMSC2TCiA8.jpg^^^
726739^Cats & Dogs 3: Paws Unite^2020/10/2 上午 12:00:00^281.730010986328^It's been ten years since the creation of the Great Truce, an elaborate joint-species surveillance system designed and monitored by cats and dogs to keep the peace when conflicts arise. But when a tech-savvy villain hacks into wireless networks to use frequencies only heard by cats and dogs, he manipulates them into conflict and the worldwide battle between cats and dogs is BACK ON. Now, a team of inexperienced and untested agents will have to use their old-school animal instincts to restore order and peace between cats and dogs everywhere.^6.59999990463257^88^28 35^Action | Comedy | ^ct5mQYE3Xk4^/4BgSWFMW2MJ0dT5metLzsRWO7IJ.jpg^^^
613504^After We Collided^2020/9/2 上午 12:00:00^572.796020507813^Tessa finds herself struggling with her complicated relationship with Hardin; she faces a dilemma that could change their lives forever.^7.30000019073486^1201^10749 18^Drama | Romance | ^u5B76cpkbfU BJBxXDhpZq0 2SvwX3ux_-8^/kiX7UYfOpYrMFSAGbI6j1pFkLzQ.jpg^^^
438396^Unknown Origins^2020/8/28 上午 12:00:00^565.616027832031^In Madrid, Spain, a mysterious serial killer ruthlessly murders his victims by recreating the first appearance of several comic book superheroes. Cosme, a veteran police inspector who is about to retire, works on the case along with the tormented inspector David Valentín and his own son Jorge Elías, a nerdy young man who owns a comic book store.^6.19999980926514^225^18 53^Drama | Thriller | ^R1b5AIc5Cqw^/vJHSParlylICnI7DuuI54nfTPRR.jpg^^^
692969^Cadaver^2020/10/22 上午 12:00:00^480.781005859375^In the aftermath of a nuclear disaster, a starving family find hope in a charismatic hotel owner. Lured by the prospect of a free dinner, they discover that the evening's entertainment blurs the lines between performance and reality. Will they wind up the spectators or the spectacle?^5.5^125^18 27 53^Drama | Horror | Thriller | ^Bc8sZbEEO8U M_fWLFfN5Vk^/kBIUqBVM9nl3UohvLWBOMvvYewT.jpg^^^
516486^Greyhound^2020/7/10 上午 12:00:00^287.144012451172^A first-time captain leads a convoy of allied ships carrying thousands of soldiers across the treacherous waters of the “Black Pit” to the front lines of WW2. With no air cover protection for 5 days, the captain and his convoy must battle the surrounding enemy Nazi U-boats in order to give the allies a chance to win the war.^7.5^1301^28 18 10752^Action | Drama | War | ^eyzxu26-Wqk 5Byeq_hyh2U zN2iULAs8Os K2_4gGDrxsA^/kjMbDciooTbJPofVXgAoFjfX8Of.jpg^^^
738215^Barbie: Princess Adventure^2020/9/1 上午 12:00:00^207.160995483398^With new friends in a new kingdom, Barbie learns what it means to be herself when she trades places with a royal lookalike in this musical adventure.^7.80000019073486^78^16 10402^Animation | Music | ^aqpDhYzIHIg 7joR5V_T3wQ iw_s9hRqPA4 Vp41ngNyjk4 ww280Q69I3k^/AwkmMTKJBAatbeAVhTwhcU3Pyp4.jpg^^^
420818^The Lion King^2019/7/12 上午 12:00:00^188.720001220703^Simba idolizes his father, King Mufasa, and takes to heart his own royal destiny. But not everyone in the kingdom celebrates the new cub's arrival. Scar, Mufasa's brother—and former heir to the throne—has plans of his own. The battle for Pride Rock is ravaged with betrayal, tragedy and drama, ultimately resulting in Simba's exile. With help from a curious pair of newfound friends, Simba will have to figure out how to grow up and take back what is rightfully his.^7.19999980926514^6968^12 10402 10751^Adventure | Family | Music | ^4CbLXeGSDxg aQN75AKDwks 7TavVZMewpY hoGhxfndjpM hV0WtrFc3jc SPuZoFTxHuw flXkOTJBtvU CA-gC-PaF48 1JSw28el5Q4 7i0K81zqHyI 46x7PRyNL3Q^/dzBtMocZuJbjLOXvrl4zGYigDzh.jpg^^^
38700^Bad Boys for Life^2020/1/15 上午 12:00:00^306.757995605469^Marcus and Mike are forced to confront new threats, career changes, and midlife crises as they join the newly created elite team AMMO of the Miami police department to take down the ruthless Armando Armas, the vicious leader of a Miami drug cartel.^7.30000019073486^5446^28 80 53^Action | Crime | Thriller | ^jKCj3XuPG8M -P-C6I-jZwQ^/y95lQLnuNKdPAzw9F9Ab8kJ80c3.jpg^^^
667141^12 Hour Shift^2020/10/2 上午 12:00:00^203.611999511719^It's 1998 and over the course of one 12-hour shift at an Arkansas hospital, a junkie nurse, her scheming cousin and a group of black market organ-trading criminals start a heist that could lead to their collective demise.^5.09999990463257^64^35 80 27 53^Comedy | Crime | Horror | Thriller | ^vs_DkzeY0CI^/c3SbZPZPOfGMHq7DB7FnTIMQKuY.jpg^^^
619592^Force of Nature^2020/7/2 上午 12:00:00^201.850997924805^A gang of thieves plan a heist during a hurricane and encounter trouble when a disgraced cop tries to force everyone in the building to evacuate.^5.30000019073486^142^28 80 18^Action | Crime | Drama | ^iQKaY8G9VpQ^/ucktgbaMSaETUDLUBp1ubGD6aNj.jpg^^^
11679^xXx: State of the Union^2005/4/27 上午 12:00:00^143.404006958008^Darius Stone's criminal record and extreme sports obsession make him the perfect candidate to be the newest XXX agent. He must save the U.S. government from a deadly conspiracy led by five-star general and Secretary of Defense George Deckert.^4.90000009536743^1270^28 12 80 18 9648 53^Action | Adventure | Crime | Drama | Mystery | Thriller | ^TS8Pl4tsJGQ^/MM1r8HQUn6VG0Njr8S6cmXHyvJ.jpg^^^
458156^John Wick: Chapter 3 - Parabellum^2019/5/15 上午 12:00:00^158.294998168945^Super-assassin John Wick returns with a $14 million price tag on his head and an army of bounty-hunting killers on his trail. After killing a member of the shadowy international assassin’s guild, the High Table, John Wick is excommunicado, but the world’s most ruthless hit men and women await his every turn.^7.40000009536743^5861^28 80 53^Action | Crime | Thriller | ^M7XM597XO94 pU8-7BX9uxs j6JEW_PQI58 Mioo2uqCSG0 vap-hmFF5s4 qHKSGyX2ds0 BUG5U0MMaPg YO3cBrcDiT0 UKhuXdIpoVQ QW4WTIYO1Bk^/ziEuG1essDuWuC5lpWUaw1uXY2O.jpg^^^
655431^Psycho-Pass 3 Movie: First Inspector^2020/3/27 上午 12:00:00^140.884002685547^Inspector Kei Mikhail Ignatov finds himself involved with an organization named Bifrost with the possibility of freeing his wife if he betrays Unit One. Koichi Azusawa coordinates an assault on the Public Safety Bureau tower using his hacker Obata, locking down the building and kidnapping Inspector Arata Shindo. Azusawa demands that governor Karina Komiya resign from her position.^7.09999990463257^11^28 80 878^Action | Crime | Science Fiction | ^NFZ_khcRCc4^/m2RzGRMbdMUcp8S3PYtlPpHa83g.jpg^^^
582218^Psych 2: Lassie Come Home^2020/7/15 上午 12:00:00^129.214996337891^After Santa Barbara Police Chief Carlton Lassiter is ambushed and left for dead, Shawn and Gus return to help him and find themselves embroiled in a case involving the personal, the professional—and even the supernatural.^7.40000009536743^34^28 35 80^Action | Comedy | Crime | ^HsItWo7eF5s^/2LXQUhkzo27jKotK7poHkNaw59B.jpg^^^
746180^TKG: The Kids of Grove^2020/9/23 上午 12:00:00^143.906005859375^Wrapping up a long week of work employees are in a fight for survival against a local gang who are out for blood - but who is justified? A thrilling look into the consequences experienced by trying to do the "right thing" by society.^6.30000019073486^6^80 53^Crime | Thriller | ^YtQkuamXbNg^/fhewXiv5r1al9xjanJpI9aW1vih.jpg^^^
559937^S.W.A.T.^2019/12/29 上午 12:00:00^113.833000183105^The story centers on the Chinese Special Police Unit, from their hard training to their first mission.^7.5^33^28 80 18^Action | Crime | Drama | ^F_MJz_GKITs^/hHl5RwmclPA4Ttz8B6dDmtgPDe4.jpg^^^
531876^The Outpost^2020/6/24 上午 12:00:00^204.421997070313^A small unit of U.S. soldiers, alone at the remote Combat Outpost Keating, located deep in the valley of three mountains in Afghanistan, battles to defend against an overwhelming force of Taliban fighters in a coordinated attack. The Battle of Kamdesh, as it was known, was the bloodiest American engagement of the Afghan War in 2009 and Bravo Troop 3-61 CAV became one of the most decorated units of the 19-year conflict.^6.69999980926514^411^10752 18 36 28^Action | Drama | History | War | ^f4LM9a02q9Q KNaKL9crha4 3RrdQsFC0ms CGI0ug1obzc^/hPkqY2EMqWUnFEoedukilIUieVG.jpg^^^
359724^Ford v Ferrari^2019/11/13 上午 12:00:00^181.15299987793^American car designer Carroll Shelby and the British-born driver Ken Miles work together to battle corporate interference, the laws of physics, and their own personal demons to build a revolutionary race car for Ford Motor Company and take on the dominating race cars of Enzo Ferrari at the 24 Hours of Le Mans in France in 1966.^8^3635^18 36^Drama | History | ^zyYgDtY2AMY _uwkU6uNH1c I3h9Z89U9ZA EVexhbWr548 InXHFPzAEEM xAkCqox_MhE DVhmhLDRe0s PDtwGVVugb0 gtppO2uEkRc r8rM9gYvvKE LOtL5uzSj9Y swnaftBuSLA DWu1OnpXFiQ^/6ApDtO7xaWAfPqfi2IARXIzj8QS.jpg^^^
582306^Assassin 33 A.D.^2020/1/24 上午 12:00:00^147.425994873047^When a billionaire gives a group of young scientists unlimited resources to study the science of matter transfer, the scientists unlock the secrets of time travel. But they soon find out that the project is backed by a militant extremist group, and the billionaire plans to go back in time and prove that Jesus never rose from the dead.^5.90000009536743^16^28 12 14 36 9648 878^Action | Adventure | Fantasy | History | Mystery | Science Fiction | ^HGQK3WG2MYc^/8jDvtdH327I8TgX3UPdkAsZF1dA.jpg^^^
556984^The Trial of the Chicago 7^2020/9/25 上午 12:00:00^164.029998779297^What was intended to be a peaceful protest at the 1968 Democratic National Convention turned into a violent clash with police and the National Guard. The organizers of the protest — including Abbie Hoffman, Jerry Rubin, Tom Hayden and Bobby Seale — were charged with conspiracy to incite a riot and the trial that followed was one of the most notorious in history.^7.80000019073486^413^18 36 53^Drama | History | Thriller | ^OAaZIfeQzT0 FVb6EdKDBfU l7Eb21GRghs^/ahf5cVdooMAlDRiJOZQNuLqa1Is.jpg^^^
468816^The Rising Hawk^2019/10/10 上午 12:00:00^137.863998413086^The Mongol Empire had grown to the largest the world had ever known. It's armies now laid siege to much of Eastern Europe. A small village fights for freedom in the frontier landscape of the Carpathian Mountains.^6.09999990463257^37^28 18 36^Action | Drama | History | ^qfuTBc6oHtM CcRogurL7-4^/qmLNbyXKpuEKXjmaEWIEAoiS0OB.jpg^^^
631939^Legionnaire's Trail^2020/5/8 上午 12:00:00^113.333000183105^Noreno, a half-Roman, is entrusted with the mission of crossing the snowy mountains of Armenia, swarming with Parthian patrols, to seek help for his slowly dying men.^5.90000009536743^29^28 12 36^Action | Adventure | History | ^uDp1pBwrqKE^/tKifV12YHiIxVH5z8NiGu0BCYRf.jpg^^^
324786^Hacksaw Ridge^2016/10/7 上午 12:00:00^82.0830001831055^WWII American Army Medic Desmond T. Doss, who served during the Battle of Okinawa, refuses to kill people and becomes the first Conscientious Objector in American history to receive the Congressional Medal of Honor.^8.10000038146973^8782^18 36 10752^Drama | History | War | ^s2-1hz1juBI 2GJAIRDuVjQ iX193z7vE78^/vVJRemwt0WyqnwLMIAaa2FNZBME.jpg^^^
606856^Togo^2019/12/19 上午 12:00:00^103.574996948242^The untold true story set in the winter of 1925 that takes you across the treacherous terrain of the Alaskan tundra for an exhilarating and uplifting adventure that will test the strength, courage and determination of one man, Leonhard Seppala, and his lead sled dog, Togo.^8.19999980926514^914^12 18 36 10751^Adventure | Drama | Family | History | ^HMfyueM-ZBQ^/921q4gPNN4J6UxvKaw6SCNBe3F8.jpg^^^
584044^The Viking War^2019/10/15 上午 12:00:00^74.7870025634766^Ingrid and her siblings are on the run from the Beserkers who have begun invading the villages, taking over, savagely using the residents on a game where they vs a Beserker, and if they win, they get to survive - only, no one ever wins. The siblings are trying to escape the Beserkers after they violently murdered and took over their town. However, the Beserkers are on their trail, and want to put them in the game.^4.80000019073486^11^18 14 36^Drama | Fantasy | History | ^qracOOtCpsM^/7BEY3dAb6ZVHzND1Ewmw2PTAl76.jpg^^^
666219^Emperor^2020/8/18 上午 12:00:00^72.0859985351563^An escaped slave travels north and has chance encounters with Frederick Douglass and John Brown. Based on the life story of Shields Green.^8.39999961853027^31^18 36^Drama | History | ^TKG7dnF-dSU^/s6BMM5UjC9fqGWqlzeWCHJjBNyy.jpg^^^
508664^Danger Close^2019/8/8 上午 12:00:00^66.6240005493164^Vietnam War, 1966. Australia and New Zealand send troops to support the United States and South Vietnamese in their fight against the communist North. Soldiers are very young men, recruits and volunteers who have never been involved in a combat. On August 18th, members of Delta Company will face the true horror of a ruthless battle among the trees of a rubber plantation called Long Tân. They are barely a hundred. The enemy is a human wave ready to destroy them.^6.40000009536743^95^28 18 36 10752^Action | Drama | History | War | ^AyUqZLwOo2Y _E0J11-rB7Q^/aB1rCWGMsM2mm1kBDleaPkqUCFo.jpg^^^
449924^Ip Man 4: The Finale^2019/12/19 上午 12:00:00^78.6080017089844^Following the death of his wife, Ip Man travels to San Francisco to ease tensions between the local kung fu masters and his star student, Bruce Lee, while searching for a better future for his son.^7.19999980926514^1111^28 18 36^Action | Drama | History | ^oCBGTCNJW2g jpe1h0USjIM f40JahDi1Uc^/swmjF0CQc59K3jdUFzOirXESeGN.jpg^^^
504949^The King^2019/10/11 上午 12:00:00^56.7039985656738^England, 15th century. Hal, a capricious prince who lives among the populace far from court, is forced by circumstances to reluctantly accept the throne and become Henry V.^7.19999980926514^1724^18 36 10752^Drama | History | War | ^yMJnsTx-TBg svVykTznk9Q urt-PYL2Vm4^/8u0QBGUbZcBW59VEAdmeFl9g98N.jpg^^^
502425^Escape From Pretoria^2020/3/6 上午 12:00:00^44.0110015869141^South Africa, 1978. Tim Jenkin and Stephen Lee, two white political activists from the African National Congress imprisoned by the apartheid regime, put a plan in motion to escape from the infamous Pretoria Prison.^7.40000009536743^478^18 36 53^Drama | History | Thriller | ^ao1A4SyfVhg fKwsz6ua5EM wHgXSF8qHv4^/8GGS0jkFFCnmdStvZED6NL6V7gd.jpg^^^
369972^First Man^2018/10/11 上午 12:00:00^45.0299987792969^A look at the life of the astronaut, Neil Armstrong, and the legendary space mission that led him to become the first man to walk on the Moon on July 20, 1969.^7.09999990463257^3642^18 36^Drama | History | ^O9Y7DTCn7Cc w4GtJB5WAlQ TVowQ4LgwLk^/i91mfvFcPPlaegcbOyjGgiWfZzh.jpg^^^
565179^The First King^2019/1/31 上午 12:00:00^44.5130004882813^Romulus and Remus, two shepherds and loyal brothers, end up taking part to a journey that will lead one of them to be the founder of the greatest nation ever seen. However, the fate of the chosen one will pass from killing his own brother.^7.40000009536743^610^28 18 36^Action | Drama | History | ^7TTuePHsN-c^/yO3749nMhVrPW2uzKZkkaKNfXvD.jpg^^^
434245^The Stronghold^2017/10/12 上午 12:00:00^44.4710006713867^A solar eclipse activates a magic time portal, and a regular schoolboy Vit'ko from the 21st century goes a thousand years back in time. It doesn’t take Vitya long to recognize the legendary bogatyrs in young Oleshko, powerful Ilya and severe Dobrynya. Their life passes in fighting cumans who try to destroy Rusichi at any cost, using both weapons and black magic. Vitya finds himself in the very midst of incredible events, battles with mythical creatures and acquires real courage.^7.40000009536743^139^28 12 35 14 36 10751^Action | Adventure | Comedy | Family | Fantasy | History | ^6ybEBgdJrS0^/9Vyo740WlMp0C9qCnYp3fXbrOU0.jpg^^^
522162^Midway^2019/11/6 上午 12:00:00^44.0480003356934^The story of the Battle of Midway, and the leaders and soldiers who used their instincts, fortitude and bravery to overcome massive odds.^7.09999990463257^1261^28 18 36 10752^Action | Drama | History | War | ^Z_7eN5iloyk l9laReRAYFk^/hj8pyoNnynGeJTAbl7jcLZO8Uhx.jpg^^^
530915^1917^2019/12/25 上午 12:00:00^209.457000732422^At the height of the First World War, two young British soldiers must cross enemy territory and deliver a message that will stop a deadly attack on hundreds of soldiers.^7.90000009536743^6798^18 10752^Drama | War | ^UcmZN0Mbl04 3hSjs2hBa94 YqNYrYUiMfg wlbJZQQJ528 gZjQROMAh_s^/iZf0KyrE25z1sage4SYFLCCrMi9.jpg^^^
679796^Enemy Lines^2020/4/24 上午 12:00:00^134.641998291016^In the frozen, war torn landscape of occupied Poland during World War II, a crack team of allied commandos are sent on a deadly mission behind enemy lines to extract a rocket scientist from the hands of the Nazis.^6.09999990463257^13^28 10752^Action | War | ^xyYcuvAaTDM^/vG8qBkByy9naORB6zahcntIC2N.jpg^^^
554022^Torpedo: U-235^2019/10/23 上午 12:00:00^110.478996276855^World War II: Resistance fighters accept a suicide mission to deliver a stolen Nazi submarine carrying atomic uranium. Hunted by Hitler’s army, the crew must outwit the German Navy to bring the cargo safely to America.^6.40000009536743^42^28 12 18 10752^Action | Adventure | Drama | War | ^F43GLtDyn24^/wHuhFcsii1GkKPHVC1wpdvJ9Djs.jpg^^^
662334^Chaco^2020/1/28 上午 12:00:00^100.602996826172^In 1934, Bolivia is at war with Paraguay. Liborio and Ticona and other Bolivian indigenous soldiers are lost in the hell of the Chaco, under the commandment of German Captain Kundt. They're looking for the Paraguayan enemy that they haven't seen for months, and that they will never find. They leave together in a search that will make them realize, progressively, the destiny they have been pushed into and the inevitable condition of a defeated troop. They're walking like shadows, wandering forever in the middle of dust and silence.^7.30000019073486^29^10752^War | ^H10O4onSZOA^/hCR2i9rK6P4VHMfFw2MT5jDGJcN.jpg^^^
627879^Rogue Warfare^2019/10/4 上午 12:00:00^102.09700012207^A group of military elite from the U.S., Russia, UK, China and France join forces to fight an elite underground terrorist network.^5.59999990463257^86^28 10752^Action | War | ^FeAJwJwqNQo^/78hDh9EHDMbox4FlKlOrRfrmgpU.jpg^^^
559957^Shanghai Fortress^2019/8/9 上午 12:00:00^66.2389984130859^Set in the future, the city of Shanghai battle to defend itself against an ongoing attack by an alien force that has attacked and laid siege to numerous cities around the globe in it's quest to harvest a hidden energy only found on earth.^4.69999980926514^34^878 10752^Science Fiction | War | ^LVVlSIrpoak^/cODqUZ3XzDz4lkhxw0OnaUSfz8R.jpg^^^
635744^Jarhead: Law of Return^2019/10/1 上午 12:00:00^50.2519989013672^Major Ronan Jackson (Devon Sawa), an accomplished fighter pilot for the Israel Defense Forces and son of a U.S. Senator (Robert Patrick), is shot down while flying through Syrian airspace. After miraculously surviving the crash, Jackson is taken captive by a group of Hezbollah militiamen. A gripping and powerful story packed with hard-hitting action, Jarhead: Law of Return follows a squad of elite soldiers, led by Gunnery Sergeant Dave Torres (Amaury Nolasco), as they risk their own lives in the hopes of saving an ally they've never met.^6.59999990463257^288^10752^War | ^r0N997WtPgA^/6LlqyjAik3Kh68QQ9AchSJEF0Z5.jpg^^^
228150^Fury^2014/10/15 上午 12:00:00^74.4069976806641^In the last months of World War II, as the Allies make their final push in the European theatre, a battle-hardened U.S. Army sergeant named 'Wardaddy' commands a Sherman tank called 'Fury' and its five-man crew on a deadly mission behind enemy lines. Outnumbered and outgunned, Wardaddy and his men face overwhelming odds in their heroic attempts to strike at the heart of Nazi Germany.^7.5^8464^10752 18 28^Action | Drama | War | ^q94n3eWOWXM 09w9MTtZDEM^/pfte7wdMobMF4CVHuOxyu6oqeeA.jpg^^^
553839^Saga of Tanya the Evil: The Movie^2019/2/8 上午 12:00:00^49.3040008544922^With its armies sweeping across the continent, the Empire seems unstoppable. After securing victory over the remnants of the Republic's army, the Empire's ultimate victory is finally within reach. However, dark clouds are gathering in the East. The communist-led Russy Federation is mustering troops on its western border, preparing to enter the war. Supported by a detachment of Allied volunteer magicians—among whom is Mary Sioux, the daughter of a soldier killed by Tanya—the Federation is determined to spread the communist creed and bring the Empire to its knees. Meanwhile, Tanya and her battalion return to the imperial capital from the southern front. Upon their arrival, they are tasked with investigating troop movements on the border with the Federation. Any escalation of violence at this point may lead to new conflicts, plunging the world into a global war. Will the Empire eventually emerge victorious from its struggle, or will it crumble in the face radically different ideologies?^8^71^28 16 14 10752^Action | Animation | Fantasy | War | ^jTWkeiIMncI^/slamFBuUGFtL4LtWpS9qXQ1qSLl.jpg^^^
438799^Overlord^2018/11/1 上午 12:00:00^47.8549995422363^France, June 1944. On the eve of D-Day, some American paratroopers fall behind enemy lines after their aircraft crashes while on a mission to destroy a radio tower in a small village near the beaches of Normandy. After reaching their target, the surviving paratroopers realise that, in addition to fighting the Nazi troops that patrol the village, they also must fight against something else.^6.69999980926514^1841^27 10752 878^Horror | Science Fiction | War | ^USPd0vX2sdc ClnSvRzy-IM^/l76Rgp32z2UxjULApxGXAPpYdAP.jpg^^^
281338^War for the Planet of the Apes^2017/7/11 上午 12:00:00^48.3190002441406^Caesar and his apes are forced into a deadly conflict with an army of humans led by a ruthless Colonel. After the apes suffer unimaginable losses, Caesar wrestles with his darker instincts and begins his own mythic quest to avenge his kind. As the journey finally brings them face to face, Caesar and the Colonel are pitted against each other in an epic battle that will determine the fate of both their species and the future of the planet.^7.09999990463257^6349^18 878 10752^Drama | Science Fiction | War | ^UEP1Mk6Un98 hHUBpMznFJI JDcAlo8i2y8 qxjPjPzQ1iU dgxBI_X1vGY vm7vE9ujNYs X6x-QSinrUU f_Q-R2gICco ThXG-Kq-RkQ h5XQq1ulspc 1TxqmlIv1Iw NeZ8BQBl8NA wWNk3COVNS4 FCy9A-nfj24 yDBFrQvfGlQ^/ijQHiImv16vNSeZQsmih04kwn0C.jpg^^^
608195^Ghosts of War^2020/7/3 上午 12:00:00^54.1650009155273^A group of World War II American soldiers encounter a supernatural enemy as they occupy a French castle previously under Nazi control.^6.19999980926514^128^14 27 53 10752^Fantasy | Horror | Thriller | War | ^Tv7HyNSCCBo^/jBeL6pPUPo0wnyTmiuxPegcibPf.jpg^^^
95963^The Walking Dead^1995/2/24 上午 12:00:00^38.1609992980957^Five young marines on a suicide mission in Vietnam, struggle for survival in a jungle minefield. The mean streets of home did not prepare them for this.^7^13^18 10752^Drama | War | ^UoISioGH52Y^/c0RtcIN4oSzSZoNs0nJMevfGYS4.jpg^^^
412383^Fleet Girls Collection KanColle Movie Sequence^2016/11/26 上午 12:00:00^40.3300018310547^The staff at the "Dai-Ni-Kai 'KanColle' Kankanshiki" event in Yokohama in August 2015 announced that the Kantai Collection franchise will get an anime film in 2016. The event screened footage that features the Kan-musume characters Fubuki, Mutsuki, Yuudachi, Akagi and Kaga, Hiryuu Kaini and Souryuu Kaini, the four Kongou sisters (Kaini), Kitakami and Ooi, Choukai Kaini, Yuubari, Mutsu and Nagato, Kako Kaini and Furutaka Kaini, Zuikaku and Shoukaku, Shimakaze, Kuma, and Ouyodo.^4.5^11^28 16 878 10752^Action | Animation | Science Fiction | War | ^^/zBWgOHCoLf7KLFd9bVVqkl9uU2q.jpg^^^
630566^Clouds^2020/10/9 上午 12:00:00^255.212997436523^Young musician Zach Sobiech discovers his cancer has spread, leaving him just a few months to live. With limited time, he follows his dream and makes an album, unaware that it will soon be a viral music phenomenon.^8.5^101^18 10402 10749^Drama | Music | Romance | ^OWEgUhWU4g4^/2YvT3pdGngzpbAuxamTz4ZlabnT.jpg^^^
599521^Z-O-M-B-I-E-S 2^2020/2/14 上午 12:00:00^85.7279968261719^Zed and Addison are back at Seabrook High, where, after a groundbreaking semester, they continue to steer both their school and community toward unity. But the arrival of a new group of outsiders – mysterious werewolves – threatens to shake up the newfound peace and causes a rift in Zed and Addison’s budding romance.^8.30000019073486^285^10402 10749 10770^Music | Romance | TV Movie | ^3K-7W9KSi5o^/frTwEqSMWQ27oQeuiBO5PT0ZNqq.jpg^^^
612706^Work It^2020/8/7 上午 12:00:00^85.5910034179688^A brilliant but clumsy high school senior vows to get into her late father's alma mater by transforming herself and a misfit squad into dance champions.^7.80000019073486^699^35 10402^Comedy | Music | ^RAcHKtUgIC4 OqcP_wkcl2I Ip1ax52pMvU^/b5XfICAvUe8beWExBz97i0Qw4Qh.jpg^^^
506574^Descendants 3^2019/8/9 上午 12:00:00^90.6910018920898^The teenagers of Disney's most infamous villains return to the Isle of the Lost to recruit a new batch of villainous offspring to join them at Auradon Prep.^7.90000009536743^918^12 14 10402 10751 10770^Adventure | Family | Fantasy | Music | TV Movie | ^8jpvcD_LkK4 g0pmspil9TY EiH-pI9uAYE NEImqy-qTn0 jwWDzdAFx94 wYY5LEgEsQI yPk3p9kNhUQ aTbI47m1_aM LrAezXDwmwY 1-iq1QXrKyU EC3ceLrsTVw^/7IRy0iHdaS0JI3ng4ZYlk5gLSFn.jpg^^^
335797^Sing^2016/11/23 上午 12:00:00^76.5419998168945^A koala named Buster recruits his best friend to help him drum up business for his theater by hosting a singing competition.^7^5608^16 35 18 10751 10402^Animation | Comedy | Drama | Family | Music | ^9zXiaDhAEwY Zvjmt4pwtdg guztEQ7DkaE GIgXWuLQPFY PvC_VBJyh8c^/lW0kUtXTOVlHTVhDO2VzNBACAHX.jpg^^^
585244^I Still Believe^2020/3/12 上午 12:00:00^98.6340026855469^The true-life story of Christian music star Jeremy Camp and his journey of love and loss that looks to prove there is always hope.^7.80000019073486^664^18 10402^Drama | Music | ^YnxHyBbYwQQ 0H6O4Ty9oBg BkgsVV0xF-s^/dqA2FCzz4OMmXLitKopzf476RVB.jpg^^^
537061^Steven Universe: The Movie^2019/9/2 上午 12:00:00^69.4789962768555^Two years after the events of "Change Your Mind", Steven (now 16 years old) and his friends are ready to enjoy the rest of their lives peacefully. However, all of that changes when a new sinister Gem arrives, armed with a giant drill that saps the life force of all living things on Earth. In their biggest challenge ever, the Crystal Gems must work together to save all organic life on Earth within 48 hours.^8.39999961853027^486^28 12 16 35 18 14 10402 10751^Action | Adventure | Animation | Comedy | Drama | Family | Fantasy | Music | ^TlmfPB20Ln4 kGj11tYHO5E fZsuug-3r_Q -iwb6fNf2J8 i8d1eBB_KSc^/8mRgpubxHqnqvENK4Bei30xMDvy.jpg^^^
136799^Trolls^2016/10/13 上午 12:00:00^64.9940032958984^Lovable and friendly, the trolls love to play around. But one day, a mysterious giant shows up to end the party. Poppy, the optimistic leader of the Trolls, and her polar opposite, Branch, must embark on an adventure that takes them far beyond the only world they’ve ever known.^6.69999980926514^2631^12 16 35 14 10402 10751^Adventure | Animation | Comedy | Family | Fantasy | Music | ^tDnRVKPjj8k xyjm5VQ11TQ^/zKu5MNy9QW1a5ZHgv7iAp3kRZpE.jpg^^^
648337^Go! The Unforgettable Party^2019/11/15 上午 12:00:00^62.0429992675781^Mia is happy to be able to spend a vacation with her dad, but Lupe, Mercedes, Juanma and Alvaro arrive by surprise at the same resort ... and bring the school drama with them!^7.5^45^10402 10751^Family | Music | ^^/9fGthyzDP9vMdfO4qVBXZ7PqXgO.jpg^^^
460793^Olaf's Frozen Adventure^2017/10/27 上午 12:00:00^59.3610000610352^Olaf is on a mission to harness the best holiday traditions for Anna, Elsa, and Kristoff.^6.30000019073486^1082^12 16 35 14 10402 10751^Adventure | Animation | Comedy | Family | Fantasy | Music | ^hb8WDATVB6A^/As8WTtxXs9e3cBit3ztTf7zoRmm.jpg^^^
424694^Bohemian Rhapsody^2018/10/24 上午 12:00:00^62.7360000610352^Singer Freddie Mercury, guitarist Brian May, drummer Roger Taylor and bass guitarist John Deacon take the music world by storm when they form the rock 'n' roll band Queen in 1970. Hit songs become instant classics. When Mercury's increasingly wild lifestyle starts to spiral out of control, Queen soon faces its greatest challenge yet – finding a way to keep the band together amid the success and excess.^8^12100^18 10402^Drama | Music | ^HlRd9Zy25zo 6S9c5nnDd_s mP0VHJYFOAU l3iIJu08t-Y NWFG0M-7QJo 7954xNZcRUI 27zlBpzdOZg^/lHu1wtNaczFPGFDTrjCSzeLPTKN.jpg^^^
632632^Given^2020/8/22 上午 12:00:00^46.5099983215332^Following the airing of the final episode of the Given anime adaptation today in Japan, the official Twitter account announced that a feature film adaptation will be released in 2020 directly picking up where the TV series left off.^6.80000019073486^4^16 18 10402^Animation | Drama | Music | ^XGKGjMGZwtk^/xKCtoYHUyX8zAg68eemnYa2orep.jpg^^^
454458^UglyDolls^2019/5/1 上午 12:00:00^54.7550010681152^In the adorably different town of Uglyville, weirdness is celebrated, strangeness is special and beauty is embraced as more than meets the eye. After traveling to the other side of a mountain, Moxy and her UglyDoll friends discover Perfection -- a town where more conventional dolls receive training before entering the real world to find the love of a child.^6.69999980926514^274^12 16 35 14 10402 10751^Adventure | Animation | Comedy | Family | Fantasy | Music | ^qjoomsFNgwg 7-VGKtQbS24^/p97LQ1TL95mptVL2AS8Rz1cJCQg.jpg^^^
707886^Feel the Beat^2020/6/19 上午 12:00:00^55.1259994506836^After failing to make it on Broadway, April returns to her hometown and reluctantly begins training a misfit group of young dancers for a competition.^7.90000009536743^707^35 18 10402^Comedy | Drama | Music | ^PhLSDnxLp-M^/Af2jt7m9GLFpR4V11xOsFmT8OKD.jpg^^^
244786^Whiplash^2014/10/10 上午 12:00:00^42.6549987792969^Under the direction of a ruthless instructor, a talented young drummer begins to pursue perfection at any cost, even his humanity.^8.39999961853027^10274^18 10402^Drama | Music | ^ZQ_6VUs2VCk Df1xkYYbYrY uOnCSOicJ20 hkk01vIodsU -UZWP7rC7TQ fHAfUSBc0pg^/9E949mB5NEq3BZu9nHQgWF2uGGN.jpg^^^
592350^My Hero Academia: Heroes Rising^2019/12/20 上午 12:00:00^311.85400390625^Class 1-A visits Nabu Island where they finally get to do some real hero work. The place is so peaceful that it's more like a vacation … until they're attacked by a villain with an unfathomable Quirk! His power is eerily familiar, and it looks like Shigaraki had a hand in the plan. But with All Might retired and citizens' lives on the line, there's no time for questions. Deku and his friends are the next generation of heroes, and they're the island's only hope.^8.5^455^16 28^Action | Animation | ^_A-6qcgExA4 ezHmHHt0B78^/zGVbrulkupqpbwgiNedkJPyQum4.jpg^^^
532067^KonoSuba: God's Blessing on this Wonderful World! Legend of Crimson^2019/8/30 上午 12:00:00^184.744995117188^It is not strange that the Demon Lord's forces fear the Crimson Demons, the clan from which Megumin and Yunyun originate. Even if the Demon Lord's generals attack their village, the Crimson Demons can just easily brush them off with their supreme mastery of advanced and overpowered magic.  When Yunyun receives a seemingly serious letter regarding a potential disaster coming to her hometown, she immediately informs Kazuma Satou and the rest of his party. After a series of wacky misunderstandings, it turns out to be a mere prank by her fellow demon who wants to be an author. Even so, Megumin becomes worried about her family and sets out toward the Crimson Demons' village with the gang.  There, Kazuma and the others decide to sightsee the wonders of Megumin's birthplace. However, they soon come to realize that the nonsense threat they received might have been more than just a joke.^8.60000038146973^172^12 35 16 14^Adventure | Animation | Comedy | Fantasy | ^sETb41GEpBo^/j73LuQcA21KvkVFcroWWMN8tTJv.jpg^^^
703771^Deathstroke: Knights & Dragons - The Movie^2020/8/4 上午 12:00:00^172.406997680664^Ten years ago, Slade Wilson-aka the super-assassin called Deathstroke-made a tragic mistake and his wife and son paid a terrible price. Now, a decade later, Wilson's family is threatened once again by the murderous Jackal and the terrorists of H.I.V.E. Can Deathstroke atone for the sins of the past-or will his family pay the ultimate price?^7.09999990463257^167^28 16^Action | Animation | ^MsdVLe2xi9g^/vFIHbiy55smzi50RmF8LQjmpGcx.jpg^^^
301528^Toy Story 4^2019/6/19 上午 12:00:00^162.02099609375^Woody has always been confident about his place in the world and that his priority is taking care of his kid, whether that's Andy or Bonnie. But when Bonnie adds a reluctant new toy called "Forky" to her room, a road trip adventure alongside old and new friends will show Woody how big the world can be for a toy.^7.59999990463257^6190^12 16 35 14 10751^Adventure | Animation | Comedy | Family | Fantasy | ^LDXYRzerjzU nQk7DWW4mz8 wmiIUN-7qhE Pl9JS8-gnWQ^/w9kR8qbmQ01HwnvK4alvnQ2ca0L.jpg^^^
631132^Goblin Slayer: Goblin's Crown^2020/2/1 上午 12:00:00^161.022003173828^Goblin Slayer and his party head up to the snowy mountains in the north after receiving that request from the Sword Maiden to find any information on the Noble Fencer that disappeared after leaving to slay some goblins. A small village gets attacked, they encounter a mysterious chapel, and something about how these goblins are acting bothers the Goblin slayer.  In order to save the captured Noble Fencer, the Goblin Slayer and his party head to an ancient fortress covered in snow to face off with a powerful foe and a horde of goblins!^8^81^28 12 16 14^Action | Adventure | Animation | Fantasy | ^ZSgcb6bfk1Y^/oyDaF4za9C9GxfYSyZUmj2aZGJT.jpg^^^
481084^The Addams Family^2019/10/10 上午 12:00:00^197.88200378418^The Addams family's lives begin to unravel when they face-off against a treacherous, greedy crafty reality-TV host while also preparing for their extended family to arrive for a major celebration.^6.59999990463257^1208^16 35 14 10751^Animation | Comedy | Family | Fantasy | ^4Z5VUf5x2RY xFCrR3Uw6Mk^/q1epO0eO8DWu8Vo8tPfvVlzW48T.jpg^^^
499338^I Believe^2020/11/5 上午 12:00:00^553.0830078125^A 9 year old boy experiences God's power in a supernatural way.^1^1^10751^Family | ^amVlQozDJkI^/j8D3jXHtA9cNb4epzvmA6hymKQ4.jpg^^^
413518^Pinocchio^2019/12/19 上午 12:00:00^181.126998901367^In this live-action adaptation of the beloved fairytale, old woodcarver Geppetto fashions a wooden puppet, Pinocchio, who magically comes to life. Pinocchio longs for adventure and is easily led astray, encountering magical beasts, fantastical spectacles, while making friends and foes along his journey. However, his dream is to become a real boy, which can only come true if he finally changes his ways.^6.80000019073486^742^14 10751 12 18^Adventure | Drama | Family | Fantasy | ^v1VH-8ezqTw yxqws07xGxg^/4w1ItwCJCTtSi9nPfJC1vU6NIVg.jpg^^^
420809^Maleficent: Mistress of Evil^2019/10/16 上午 12:00:00^182.134002685547^Maleficent and her goddaughter Aurora begin to question the complex family ties that bind them as they are pulled in different directions by impending nuptials, unexpected allies, and dark new forces at play.^7.40000009536743^3768^14 10751 12^Adventure | Family | Fantasy | ^5MwW1NAsnR8 n0OFH4xpPr4^/vloNTScJ3w7jwNwtNGoG8DbTThv.jpg^^^
299534^Avengers: Endgame^2019/4/24 上午 12:00:00^187.227996826172^After the devastating events of Avengers: Infinity War, the universe is in ruins due to the efforts of the Mad Titan, Thanos. With the help of remaining allies, the Avengers must assemble once more in order to undo Thanos' actions and restore order to the universe once and for all, no matter what consequences may be in store.^8.30000019073486^15477^28 12 878^Action | Adventure | Science Fiction | ^hA6hldpSTF8 -iFq6IcAxBc TcMBFSGVi1c 3h4cAU2Jz_Q zTGdTEHvRoc QIHmrnvLhBg KCSNFZKbhZE unJzy1XwQ2k 9QbltzIUV6w 81UOofW82FY Td1diFNqe6c 0jNvJU52LvU A5H9dPaZp_8 vnAKVlnQTzY S_32rARQ5yw v0bClKEy1HA tijLYuIjrxw yR_7h9b2OPo 5ZvcuFF2ffo 73TEwTxSUjk ZTPKBznD7eg lhZr-Vk1RKk JohLpoEFwx4 GMUNfOsKd-k o0MsvHxFDC8 xNiBNz61LRI 5xyNqemLNxk p5fthh_F4SM N2QLF5yKUf0 0X10T__DDfE o4mXzaCxkok Dyo7Kbijr98 0ESZs5OYwuw 1L6mMs_hr4k gNW20bP1Kdo dTSQjc8cegY jBleVtbciI0 L41F3mw89mY PV_79Nr07e8 QV9GCWg2u2A vwfVWFOPBCY GJLcCgS7Mzw H3_l1DIbLvU EnRzM4bE6M4 a6Yib8P5Xr4 0hWwnPV502c G3mpwCsvpQ0 9nusLMvCTsI _sh7eWx4jqE 5rCdDerNNXk mtcqn3HQ-Uw F0VjvcyZTvA v5U5_U-0udc ELAJHo2apmE ak3Kg52IT1k KbRO_a44yA0 6slAQbysMyk aOQYHWZ9VUw zlNlkwB27lU RBfggCYNWNk Bqp_zK09NZ8 -xtbxLRUREs kwo0wSabwBk 1VBJ-kNsmaQ n92qDDd9E1U cn69-oTB8hY AMSITikqKiM I8o0a71EI74 9tKr3m6r9NI w-lUE5egBqs 8BNA-N717A0^/or06FN3Dka5tukK1e9sl16pB3iy.jpg^^^
259316^Fantastic Beasts and Where to Find Them^2016/11/16 上午 12:00:00^71.2350006103516^In 1926, Newt Scamander arrives at the Magical Congress of the United States of America with a magically expanded briefcase, which houses a number of dangerous creatures and their habitats. When the creatures escape from the briefcase, it sends the American wizarding authorities after Newt, and threatens to strain even further the state of magical and non-magical relations.^7.40000009536743^14602^12 14^Adventure | Fantasy | ^ViuDsy7yb8M YdgQj7xcDJo Vso5o11LuGU Z0NgrXFs3ss LvStonDeNOI^/h6NYfVUyM6CDURtZSnBpz647Ldd.jpg^^^
207703^Kingsman: The Secret Service^2014/12/13 上午 12:00:00^47.8709983825684^The story of a super-secret spy organization that recruits an unrefined but promising street kid into the agency's ultra-competitive training program just as a global threat emerges from a twisted tech genius.^7.59999990463257^12317^28 12 35 80^Action | Adventure | Comedy | Crime | ^m4NCribDx4U kl8F-8tR8to Th_KrhqmHk8^/ay7xwXn1G9fzX9TUBlkGA584rGi.jpg^^^
857^Saving Private Ryan^1998/7/24 上午 12:00:00^36.8650016784668^As U.S. troops storm the beaches of Normandy, three brothers lie dead on the battlefield, with a fourth trapped behind enemy lines. Ranger captain John Miller and seven men are tasked with penetrating German-held territory and bringing the boy home.^8.10000038146973^10889^18 36 10752^Drama | History | War | ^RYExstiQlLc^/JC8KQ2BXaAIFEU8zEuakiwUQSr.jpg^^^
333339^Ready Player One^2018/3/28 上午 12:00:00^118.045997619629^When the creator of a popular video game system dies, a virtual contest is created to compete for his fortune.^7.59999990463257^10309^12 878^Adventure | Science Fiction | ^dtwpjnuaVTE cSp1dM2Vj48 DlU4ZSU2xzg D_eZxSYRhco^/pU1ULUq8D3iRxl1fdX2lZIzdHuI.jpg^^^
424694^Bohemian Rhapsody^2018/10/24 上午 12:00:00^62.7360000610352^Singer Freddie Mercury, guitarist Brian May, drummer Roger Taylor and bass guitarist John Deacon take the music world by storm when they form the rock 'n' roll band Queen in 1970. Hit songs become instant classics. When Mercury's increasingly wild lifestyle starts to spiral out of control, Queen soon faces its greatest challenge yet – finding a way to keep the band together amid the success and excess.^8^12100^18 10402^Drama | Music | ^HlRd9Zy25zo 6S9c5nnDd_s mP0VHJYFOAU l3iIJu08t-Y NWFG0M-7QJo 7954xNZcRUI 27zlBpzdOZg^/lHu1wtNaczFPGFDTrjCSzeLPTKN.jpg^^^
2062^Ratatouille^2007/6/22 上午 12:00:00^46.9269981384277^A rat named Remy dreams of becoming a great French chef despite his family's wishes and the obvious problem of being a rat in a decidedly rodent-phobic profession. When fate places Remy in the sewers of Paris, he finds himself ideally situated beneath a restaurant made famous by his culinary hero, Auguste Gusteau. Despite the apparent dangers of being an unlikely - and certainly unwanted - visitor in the kitchen of a fine French restaurant, Remy's passion for cooking soon sets into motion a hilarious and exciting rat race that turns the culinary world of Paris upside down.^7.69999980926514^11651^16 35 10751 14^Animation | Comedy | Family | Fantasy | ^jOGDozdW9Yo^/npHNjldbeTHdKKw28bJKs7lzqzj.jpg^^^
